outlet,date,headline,label,cluster_id,source_url
Kurir,2026-01-09,Kurir istražuje ko stoji iza tajnog projekta 'REMont' - Građanske inicijative preuzele su ulogu države i time podrile evropski put Srbije.,vilifying_opponents,1,https://crta.plus/sr/updates/january-manipulations/
Kurir,2026-01-12,Profiteri: Građanske inicijative kritikuju Srbiju dok uzimaju njen novac.,vilifying_opponents,2,https://crta.plus/sr/updates/january-manipulations/
Kurir,2026-01-14,"Dobijaju milion evra godišnje, a gde su rezultati? … donatorski milioni i nikakav doprinos …",vilifying_opponents,3,https://crta.plus/sr/updates/january-manipulations/
Srpski Telegraf,2026-01-19,Brutalna kampanja blokadera… Glavna laž: Vučić nije čovek… dehumanizacija… 'obojena revolucija'.,vilifying_opponents,4,https://crta.plus/sr/updates/january-manipulations/
Kurir,2026-01-19,Tužioci traže podršku protiv Srbije… Dolovac preti nemačkom ambasadom!,vilifying_opponents,5,https://crta.plus/sr/updates/january-manipulations/
Alo!,2026-01-19,Tužioci traže podršku protiv Srbije… Dolovac preti nemačkom ambasadom!,vilifying_opponents,5,https://crta.plus/sr/updates/january-manipulations/
Informer,2026-01-13,Priprema se napad na Srpsku crkvu. Vartolomej izbacuje Srpsku pravoslavnu crkvu iz Crne Gore.,vilifying_neighbours,6,https://crta.plus/sr/updates/january-manipulations/
Večernje Novosti,2026-01-13,Priprema se napad na Srpsku crkvu. Vartolomej izbacuje Srpsku pravoslavnu crkvu iz Crne Gore.,vilifying_neighbours,6,https://crta.plus/sr/updates/january-manipulations/
Alo!,2026-01-13,Priprema se napad na Srpsku crkvu. Vartolomej izbacuje Srpsku pravoslavnu crkvu iz Crne Gore.,vilifying_neighbours,6,https://crta.plus/sr/updates/january-manipulations/
TV B92,2026-01-13,Priprema se napad na Srpsku crkvu. Vartolomej izbacuje Srpsku pravoslavnu crkvu iz Crne Gore.,vilifying_neighbours,6,https://crta.plus/sr/updates/january-manipulations/
TV Prva,2026-01-13,Priprema se napad na Srpsku crkvu. Vartolomej izbacuje Srpsku pravoslavnu crkvu iz Crne Gore.,vilifying_neighbours,6,https://crta.plus/sr/updates/january-manipulations/
Politika,2026-01-10,Kako se delegacija EP sama pozvala u Beograd - Bes i nemoć 'kaznene ekspedicije' Tonina Picule.,vilifying_eu,7,https://crta.plus/sr/updates/january-manipulations/
Srpski Telegraf,2026-01-24,Poseta… upamćena po sramoti - Opozicija tražila od EU: Dajte novac nama i Šolaku…,vilifying_eu,8,https://crta.plus/sr/updates/january-manipulations/
Srpski Telegraf,2026-01-23,Picula i evroparlamentarci… tražili da ne ulaze u hol… želeći da izbegnu izložbu o žrtvama Jasenovca.,vilifying_eu,9,https://crta.plus/sr/updates/january-manipulations/
Alo!,2026-01-23,Picula i evroparlamentarci… tražili da ne ulaze u hol… želeći da izbegnu izložbu o žrtvama Jasenovca.,vilifying_eu,9,https://crta.plus/sr/updates/january-manipulations/
Politika,2026-01-23,Picula i evroparlamentarci… tražili da ne ulaze u hol… želeći da izbegnu izložbu o žrtvama Jasenovca.,vilifying_eu,9,https://crta.plus/sr/updates/january-manipulations/
Večernje Novosti,2026-01-23,Picula i evroparlamentarci… tražili da ne ulaze u hol… želeći da izbegnu izložbu o žrtvama Jasenovca.,vilifying_eu,9,https://crta.plus/sr/updates/january-manipulations/
Kurir,2026-01-23,Picula i evroparlamentarci… tražili da ne ulaze u hol… želeći da izbegnu izložbu o žrtvama Jasenovca.,vilifying_eu,9,https://crta.plus/sr/updates/january-manipulations/
Informer,2026-01-23,Picula i evroparlamentarci… tražili da ne ulaze u hol… želeći da izbegnu izložbu o žrtvama Jasenovca.,vilifying_eu,9,https://crta.plus/sr/updates/january-manipulations/
TV Pink,2026-01-23,Picula i evroparlamentarci… tražili da ne ulaze u hol… želeći da izbegnu izložbu o žrtvama Jasenovca.,vilifying_eu,9,https://crta.plus/sr/updates/january-manipulations/
TV Prva,2026-01-23,Picula i evroparlamentarci… tražili da ne ulaze u hol… želeći da izbegnu izložbu o žrtvama Jasenovca.,vilifying_eu,9,https://crta.plus/sr/updates/january-manipulations/
TV B92,2026-01-23,Picula i evroparlamentarci… tražili da ne ulaze u hol… želeći da izbegnu izložbu o žrtvama Jasenovca.,vilifying_eu,9,https://crta.plus/sr/updates/january-manipulations/
Alo!,2026-02-24,"Nakon napada na crkvu, blokaderi su se obrušili na vojsku; na skupu u Novom Sadu dočekali su srpskog oficira nacističkim pozdravom.",vilifying_opponents,10,https://crta.plus/sr/updates/manipulacije-u-februaru/
Srpski Telegraf,2026-02-24,"Nakon napada na crkvu, blokaderi su se obrušili na vojsku; na skupu u Novom Sadu dočekali su srpskog oficira nacističkim pozdravom.",vilifying_opponents,10,https://crta.plus/sr/updates/manipulacije-u-februaru/
TV Pink,2026-02-24,"Nakon napada na crkvu, blokaderi su se obrušili na vojsku; na skupu u Novom Sadu dočekali su srpskog oficira nacističkim pozdravom.",vilifying_opponents,10,https://crta.plus/sr/updates/manipulacije-u-februaru/
TV Prva,2026-02-24,"Nakon napada na crkvu, blokaderi su se obrušili na vojsku; na skupu u Novom Sadu dočekali su srpskog oficira nacističkim pozdravom.",vilifying_opponents,10,https://crta.plus/sr/updates/manipulacije-u-februaru/
Kurir,2026-02-18,Sramni udarac. Blokaderi su besmislenim nasiljem pogazili dva veka Matice srpske.,vilifying_opponents,11,https://crta.plus/sr/updates/manipulacije-u-februaru/
Politika,2026-02-18,Sramni udarac. Blokaderi su besmislenim nasiljem pogazili dva veka Matice srpske.,vilifying_opponents,11,https://crta.plus/sr/updates/manipulacije-u-februaru/
Večernje Novosti,2026-02-18,Sramni udarac. Blokaderi su besmislenim nasiljem pogazili dva veka Matice srpske.,vilifying_opponents,11,https://crta.plus/sr/updates/manipulacije-u-februaru/
Alo!,2026-02-18,Sramni udarac. Blokaderi su besmislenim nasiljem pogazili dva veka Matice srpske.,vilifying_opponents,11,https://crta.plus/sr/updates/manipulacije-u-februaru/
B92,2026-02-18,Sramni udarac. Blokaderi su besmislenim nasiljem pogazili dva veka Matice srpske.,vilifying_opponents,11,https://crta.plus/sr/updates/manipulacije-u-februaru/
TV Prva,2026-02-18,Sramni udarac. Blokaderi su besmislenim nasiljem pogazili dva veka Matice srpske.,vilifying_opponents,11,https://crta.plus/sr/updates/manipulacije-u-februaru/
TV Pink,2026-02-18,Sramni udarac. Blokaderi su besmislenim nasiljem pogazili dva veka Matice srpske.,vilifying_opponents,11,https://crta.plus/sr/updates/manipulacije-u-februaru/
TV Informer,2026-02-18,Sramni udarac. Blokaderi su besmislenim nasiljem pogazili dva veka Matice srpske.,vilifying_opponents,11,https://crta.plus/sr/updates/manipulacije-u-februaru/
Kurir,2026-02-05,"Trojni pakt: Priština, Zagreb i Tirana ujedinjeni u mržnji prema Srbiji!",vilifying_neighbours,12,https://crta.plus/sr/updates/manipulacije-u-februaru/
Večernje Novosti,2026-02-05,"Trojni pakt: Priština, Zagreb i Tirana ujedinjeni u mržnji prema Srbiji!",vilifying_neighbours,12,https://crta.plus/sr/updates/manipulacije-u-februaru/
Alo!,2026-02-06,Hrvatski novac se koristi za destabilizaciju Srbije.,vilifying_neighbours,13,https://crta.plus/sr/updates/manipulacije-u-februaru/
TV Pink,2026-03-03,"Stara mržnja, nova marioneta, isti rezultat. Niško raspeće kao simbol pada blokadera. Analitičari: Stvaraju društvenu psihozu po kojoj je ubojstvo Vučića legitimno",vilifying_opponents,14,https://crta.plus/sr/updates/march-manipulations/
Kurir,2026-03-03,"Stara mržnja, nova marioneta, isti rezultat. Niško raspeće kao simbol pada blokadera. Analitičari: Stvaraju društvenu psihozu po kojoj je ubojstvo Vučića legitimno",vilifying_opponents,14,https://crta.plus/sr/updates/march-manipulations/
Politika,2026-03-03,"Stara mržnja, nova marioneta, isti rezultat. Niško raspeće kao simbol pada blokadera. Analitičari: Stvaraju društvenu psihozu po kojoj je ubojstvo Vučića legitimno",vilifying_opponents,14,https://crta.plus/sr/updates/march-manipulations/
Alo!,2026-03-03,"Stara mržnja, nova marioneta, isti rezultat. Niško raspeće kao simbol pada blokadera. Analitičari: Stvaraju društvenu psihozu po kojoj je ubojstvo Vučića legitimno",vilifying_opponents,14,https://crta.plus/sr/updates/march-manipulations/
TV Pink,2026-03-18,Kakvi ste vi ljudi - Blokaderi preterali - Ismejavaju suze bolesnog deteta!,vilifying_opponents,15,https://crta.plus/sr/updates/march-manipulations/
Alo!,2026-03-18,Kakvi ste vi ljudi - Blokaderi preterali - Ismejavaju suze bolesnog deteta!,vilifying_opponents,15,https://crta.plus/sr/updates/march-manipulations/
Kurir,2026-03-18,Kakvi ste vi ljudi - Blokaderi preterali - Ismejavaju suze bolesnog deteta!,vilifying_opponents,15,https://crta.plus/sr/updates/march-manipulations/
TV Prva,2026-03-24,"Nedelju dana pred lokalne izbore, opozicija i blokaderi podeljeni više nego ikad, uz međusobne optužbe i sukobe uživo i na televiziji",vilifying_opponents,16,https://crta.plus/sr/updates/march-manipulations/
Alo!,2026-03-24,"Nedelju dana pred lokalne izbore, opozicija i blokaderi podeljeni više nego ikad, uz međusobne optužbe i sukobe uživo i na televiziji",vilifying_opponents,16,https://crta.plus/sr/updates/march-manipulations/
Kurir,2026-03-24,"Nedelju dana pred lokalne izbore, opozicija i blokaderi podeljeni više nego ikad, uz međusobne optužbe i sukobe uživo i na televiziji",vilifying_opponents,16,https://crta.plus/sr/updates/march-manipulations/
Informer,2026-03-24,"Nedelju dana pred lokalne izbore, opozicija i blokaderi podeljeni više nego ikad, uz međusobne optužbe i sukobe uživo i na televiziji",vilifying_opponents,16,https://crta.plus/sr/updates/march-manipulations/
TV Prva,2026-03-11,"Prljava kampanja najčešće se pojavljuje kada nema jasnih programa i konkretnih politika, kažu analitičari uoči lokalnih izbora 29. marta. Nesuglasice između blokadera i opozicije sve su vidljivije",vilifying_opponents,17,https://crta.plus/sr/updates/march-manipulations/
Informer,2026-03-12,Zagreb smeta što srpska vojska nikad nije bila jača: Ustaše u panici zbog srpskih raketa! Šok u Zagrebu nakon što se pojavila fotografija moćnih raketa CM-400 AKG na avionima MiG,vilifying_neighbours,18,https://crta.plus/sr/updates/march-manipulations/
Večernje Novosti,2026-03-12,Zagreb smeta što srpska vojska nikad nije bila jača: Ustaše u panici zbog srpskih raketa! Šok u Zagrebu nakon što se pojavila fotografija moćnih raketa CM-400 AKG na avionima MiG,vilifying_neighbours,18,https://crta.plus/sr/updates/march-manipulations/
Srpski Telegraf,2026-03-12,Zagreb smeta što srpska vojska nikad nije bila jača: Ustaše u panici zbog srpskih raketa! Šok u Zagrebu nakon što se pojavila fotografija moćnih raketa CM-400 AKG na avionima MiG,vilifying_neighbours,18,https://crta.plus/sr/updates/march-manipulations/
Srpski Telegraf,2026-03-15,Sve veći šok u Hrvatskoj - Histerija neprijatelja: Traže pomoć NATO-a zbog naših supermoćnih raketa,vilifying_neighbours,19,https://crta.plus/sr/updates/march-manipulations/
Informer,2026-03-18,"Sve opasniji signali iz Zagreba - Hrvati hoće da 'odrube glavu Vučiću'! - Ustaški mediji pišu da se nadaju da će predsednik Srbije biti ubijen kada 'blokaderi' dođu na vlast!? - Kampanju protiv Vučića nastavio je i Tonino Picula, koji je u Evropskom parlamentu izneo niz laži o našoj zemlji",vilifying_neighbours,20,https://crta.plus/sr/updates/march-manipulations/
Srpski Telegraf,2026-03-21,Mračne veze hrvatske Službe za sigurnosno-obavještajne poslove i pojedinih srpskih funkcionera. Agro-mafija radi za Hrvate. Isisavaju milijarde za finansiranje blokadera.,vilifying_neighbours,21,https://crta.plus/sr/updates/march-manipulations/
TV Pink,2026-03-02,Priština ne prestaje s terorom; Paravan za odmazdu; Progon; Pet Srba uhapšeno u blizini Srbice,vilifying_neighbours,22,https://crta.plus/sr/updates/march-manipulations/
RTS 1,2026-03-02,Priština ne prestaje s terorom; Paravan za odmazdu; Progon; Pet Srba uhapšeno u blizini Srbice,vilifying_neighbours,22,https://crta.plus/sr/updates/march-manipulations/
Informer,2026-03-02,Priština ne prestaje s terorom; Paravan za odmazdu; Progon; Pet Srba uhapšeno u blizini Srbice,vilifying_neighbours,22,https://crta.plus/sr/updates/march-manipulations/
Alo!,2026-03-15,Priština je doživela neuspeh - katastrofa na Kosovu i Metohiji i gašenje srpskih institucija sprečeni. Kurti je podbacio! Srbi neće postati stranci u sopstvenim kućama,vilifying_neighbours,23,https://crta.plus/sr/updates/march-manipulations/
Kurir,2026-04-21,"Namerno krši Zakon o visokom obrazovanju - Bezakonje - Političar Đokić, iz rektorske fotelje, lobira u Briselu protiv građana Srbije",vilifying_opponents,24,https://crta.plus/sr/updates/april-manipulations/
Informer,2026-04-21,"Namerno krši Zakon o visokom obrazovanju - Bezakonje - Političar Đokić, iz rektorske fotelje, lobira u Briselu protiv građana Srbije",vilifying_opponents,24,https://crta.plus/sr/updates/april-manipulations/
TV Prva,2026-04-21,"Namerno krši Zakon o visokom obrazovanju - Bezakonje - Političar Đokić, iz rektorske fotelje, lobira u Briselu protiv građana Srbije",vilifying_opponents,24,https://crta.plus/sr/updates/april-manipulations/
Informer,2026-04-03,Sve karte najzad otkrivene - Blokaderi nude Srbiji 'Đoku' - Vladan Đokić je prvi put otvoreno priznao da će biti kandidat blokadera na izborima...,vilifying_opponents,25,https://crta.plus/sr/updates/april-manipulations/
Politika,2026-04-17,"Luksuzni hoteli, prljava politika: od Brisela do Berlina, opozicija napada sopstvenu zemlju",vilifying_opponents,26,https://crta.plus/sr/updates/april-manipulations/
Srpski Telegraf,2026-04-17,"Luksuzni hoteli, prljava politika: od Brisela do Berlina, opozicija napada sopstvenu zemlju",vilifying_opponents,26,https://crta.plus/sr/updates/april-manipulations/
TV Informer,2026-04-17,"Luksuzni hoteli, prljava politika: od Brisela do Berlina, opozicija napada sopstvenu zemlju",vilifying_opponents,26,https://crta.plus/sr/updates/april-manipulations/
Alo!,2026-04-20,"Srbomrsci u Barseloni, srpski opozicionari u društvu Kurtija, sramna kampanja",vilifying_opponents,27,https://crta.plus/sr/updates/april-manipulations/
Informer,2026-04-20,"Srbomrsci u Barseloni, srpski opozicionari u društvu Kurtija, sramna kampanja",vilifying_opponents,27,https://crta.plus/sr/updates/april-manipulations/
Kurir,2026-04-20,"Srbomrsci u Barseloni, srpski opozicionari u društvu Kurtija, sramna kampanja",vilifying_opponents,27,https://crta.plus/sr/updates/april-manipulations/
TV Prva,2026-04-20,"Srbomrsci u Barseloni, srpski opozicionari u društvu Kurtija, sramna kampanja",vilifying_opponents,27,https://crta.plus/sr/updates/april-manipulations/
Kurir,2026-04-28,Skandal kakav se ne pamti - Hrvati udaraju na Dejtonski sporazum: Žele li ustaše da podele Bosnu i Hercegovinu?!,vilifying_neighbours,28,https://crta.plus/sr/updates/april-manipulations/
Informer,2026-04-28,Skandal kakav se ne pamti - Hrvati udaraju na Dejtonski sporazum: Žele li ustaše da podele Bosnu i Hercegovinu?!,vilifying_neighbours,28,https://crta.plus/sr/updates/april-manipulations/
TV Informer,2026-04-28,Skandal kakav se ne pamti - Hrvati udaraju na Dejtonski sporazum: Žele li ustaše da podele Bosnu i Hercegovinu?!,vilifying_neighbours,28,https://crta.plus/sr/updates/april-manipulations/
Srpski Telegraf,2026-04-20,"Izabrali su svog kandidata; Operacija 'Đokić', nova akcija hrvatske obaveštajne službe (SOA) u Srbiji; Hrvati se mešaju u srpske izbore",vilifying_neighbours,29,https://crta.plus/sr/updates/april-manipulations/
TV Informer,2026-04-20,"Izabrali su svog kandidata; Operacija 'Đokić', nova akcija hrvatske obaveštajne službe (SOA) u Srbiji; Hrvati se mešaju u srpske izbore",vilifying_neighbours,29,https://crta.plus/sr/updates/april-manipulations/
Informer,2026-05-06,Nastavljaju da prose stranu podršku - Piculini ljudi ocrnjuju Srbiju u Briselu,vilifying_opponents,30,https://crta.plus/sr/updates/may-manipulations/
TV Prva,2026-05-15,"Krv prolivena zbog blokaderskog pohoda. Horor ispred Pravnog fakulteta, krv šiklja na sve strane dok blokaderi brutalno linčuju čoveka.",vilifying_opponents,31,https://crta.plus/sr/updates/may-manipulations/
TV Pink,2026-05-15,"Krv prolivena zbog blokaderskog pohoda. Horor ispred Pravnog fakulteta, krv šiklja na sve strane dok blokaderi brutalno linčuju čoveka.",vilifying_opponents,31,https://crta.plus/sr/updates/may-manipulations/
TV Informer,2026-05-15,"Krv prolivena zbog blokaderskog pohoda. Horor ispred Pravnog fakulteta, krv šiklja na sve strane dok blokaderi brutalno linčuju čoveka.",vilifying_opponents,31,https://crta.plus/sr/updates/may-manipulations/
Informer,2026-05-15,"Krv prolivena zbog blokaderskog pohoda. Horor ispred Pravnog fakulteta, krv šiklja na sve strane dok blokaderi brutalno linčuju čoveka.",vilifying_opponents,31,https://crta.plus/sr/updates/may-manipulations/
TV Pink,2026-05-25,Nasilje je suština blokadera; Srbija je podeljena između onih koji grade i onih koji ruše; to je njihov cilj,vilifying_opponents,32,https://crta.plus/sr/updates/may-manipulations/
TV Prva,2026-05-25,Nasilje je suština blokadera; Srbija je podeljena između onih koji grade i onih koji ruše; to je njihov cilj,vilifying_opponents,32,https://crta.plus/sr/updates/may-manipulations/
Kurir,2026-05-25,Nasilje je suština blokadera; Srbija je podeljena između onih koji grade i onih koji ruše; to je njihov cilj,vilifying_opponents,32,https://crta.plus/sr/updates/may-manipulations/
Večernje Novosti,2026-05-25,Nasilje je suština blokadera; Srbija je podeljena između onih koji grade i onih koji ruše; to je njihov cilj,vilifying_opponents,32,https://crta.plus/sr/updates/may-manipulations/
Informer,2026-05-25,Nasilje je suština blokadera; Srbija je podeljena između onih koji grade i onih koji ruše; to je njihov cilj,vilifying_opponents,32,https://crta.plus/sr/updates/may-manipulations/
TV B92,2026-05-20,Ovako brine o studentima - Školarine porasle zbog Đokića,vilifying_opponents,33,https://crta.plus/sr/updates/may-manipulations/
Informer,2026-05-20,Ovako brine o studentima - Školarine porasle zbog Đokića,vilifying_opponents,33,https://crta.plus/sr/updates/may-manipulations/
Srpski Telegraf,2026-05-20,Ovako brine o studentima - Školarine porasle zbog Đokića,vilifying_opponents,33,https://crta.plus/sr/updates/may-manipulations/
Informer,2026-05-22,Evo zašto studiranje postaje skuplje: Vladan Đokić troši školarine u Grčkoj,vilifying_opponents,34,https://crta.plus/sr/updates/may-manipulations/
Informer,2026-05-27,Lider takozvanih plenuma misli da je jači od države i zakona - Đokić vodi kampanju iz Rektorata sa strancima,vilifying_opponents,35,https://crta.plus/sr/updates/may-manipulations/
Alo!,2026-05-31,Albanci se pripremaju da ukradu izbore na Kosovu i Metohiji,vilifying_neighbours,36,https://crta.plus/sr/updates/may-manipulations/
Večernje Novosti,2026-05-29,Priština uporno nastavlja s terorom. Oduzimaju Srbima čak i železničke stanice.,vilifying_neighbours,37,https://crta.plus/sr/updates/may-manipulations/
Politika,2026-05-29,Priština uporno nastavlja s terorom. Oduzimaju Srbima čak i železničke stanice.,vilifying_neighbours,37,https://crta.plus/sr/updates/may-manipulations/
TV Pink,2026-05-29,Priština uporno nastavlja s terorom. Oduzimaju Srbima čak i železničke stanice.,vilifying_neighbours,37,https://crta.plus/sr/updates/may-manipulations/
Alo!,2026-05-21,Niko nije veći Kurti od njega: Srbi hapšeni po Rašićevoj listi,vilifying_neighbours,38,https://crta.plus/sr/updates/may-manipulations/
Kurir,2026-05-16,"Istorijsko obraćanje predsednika Vučića Crnoj Gori - Izvinite što vas volimo više nego vi nas! Srbija nije ukrala deo Crne Gore, vi ste priznali krađu našeg Kosova!",vilifying_neighbours,39,https://crta.plus/sr/updates/may-manipulations/
Srpski Telegraf,2026-05-18,Predsednik je jasan: Otcepljenje Crne Gore bilo je deo velike zavere usmerene na otimanje Kosova,vilifying_neighbours,40,https://crta.plus/sr/updates/may-manipulations/
TV Prva,2026-05-18,Predsednik je jasan: Otcepljenje Crne Gore bilo je deo velike zavere usmerene na otimanje Kosova,vilifying_neighbours,40,https://crta.plus/sr/updates/may-manipulations/
Informer,2026-05-22,Propali diktator opet buncа: Milo optužuje Srbe za genocid,vilifying_neighbours,41,https://crta.plus/sr/updates/may-manipulations/
TV Informer,2026-05-31,"Dok je Srbija napadnuta sa svih strana, država ubrzava razvoj i modernizaciju. Vojislav Šešelj: 'Hrvatska jasno eskalira situaciju u Crnoj Gori'",vilifying_neighbours,42,https://crta.plus/sr/updates/may-manipulations/
Informer,2026-05-30,Pretnje iz Zagreba: Hrvati hoće da zauzmu Sombor i Apatin,vilifying_neighbours,43,https://crta.plus/sr/updates/may-manipulations/
Srpski Telegraf,2026-05-19,"Zagrebova nova prljava igra - Hrvati kradu slavu Srbima. Hoće da pohrvaćuju: pismo, folklor i nošnje, groblja i spomenike, natpise, povelje, naučnike, umetnike i pisce, junake i sportiste",vilifying_neighbours,44,https://crta.plus/sr/updates/may-manipulations/
TV Prva,2026-06-02,Blokaderi skrnave svetinju - poštovanje čudotvornog Pojasa Presvete Bogorodice nazivaju fetišizmom.,vilifying_opponents,45,https://crta.plus/sr/updates/june-manipulations/
Informer,2026-06-02,Blokaderi skrnave svetinju - poštovanje čudotvornog Pojasa Presvete Bogorodice nazivaju fetišizmom.,vilifying_opponents,45,https://crta.plus/sr/updates/june-manipulations/
Kurir,2026-06-02,Blokaderi skrnave svetinju - poštovanje čudotvornog Pojasa Presvete Bogorodice nazivaju fetišizmom.,vilifying_opponents,45,https://crta.plus/sr/updates/june-manipulations/
Alo!,2026-06-02,Blokaderi skrnave svetinju - poštovanje čudotvornog Pojasa Presvete Bogorodice nazivaju fetišizmom.,vilifying_opponents,45,https://crta.plus/sr/updates/june-manipulations/
Srpski Telegraf,2026-06-02,Blokaderi skrnave svetinju - poštovanje čudotvornog Pojasa Presvete Bogorodice nazivaju fetišizmom.,vilifying_opponents,45,https://crta.plus/sr/updates/june-manipulations/
TV Informer,2026-06-04,"Dok se narod klanja svetinji, blokaderi je ismevaju. Otuđeni od vere i svega srpskog, ponovo su prešli granicu.",vilifying_opponents,46,https://crta.plus/sr/updates/june-manipulations/
Alo!,2026-06-04,"Dok se narod klanja svetinji, blokaderi je ismevaju. Otuđeni od vere i svega srpskog, ponovo su prešli granicu.",vilifying_opponents,46,https://crta.plus/sr/updates/june-manipulations/
Večernje Novosti,2026-06-20,"Lažni skandal sa 'zvučnim topom' unapred je isplaniran na plenumima, kao deo plana da se sruše predsednik i država i izazove građanski rat.",vilifying_opponents,47,https://crta.plus/sr/updates/june-manipulations/
Srpski Telegraf,2026-06-20,"Lažni skandal sa 'zvučnim topom' unapred je isplaniran na plenumima, kao deo plana da se sruše predsednik i država i izazove građanski rat.",vilifying_opponents,47,https://crta.plus/sr/updates/june-manipulations/
Alo!,2026-06-20,"Lažni skandal sa 'zvučnim topom' unapred je isplaniran na plenumima, kao deo plana da se sruše predsednik i država i izazove građanski rat.",vilifying_opponents,47,https://crta.plus/sr/updates/june-manipulations/
Politika,2026-06-20,"Lažni skandal sa 'zvučnim topom' unapred je isplaniran na plenumima, kao deo plana da se sruše predsednik i država i izazove građanski rat.",vilifying_opponents,47,https://crta.plus/sr/updates/june-manipulations/
Informer,2026-06-20,"Lažni skandal sa 'zvučnim topom' unapred je isplaniran na plenumima, kao deo plana da se sruše predsednik i država i izazove građanski rat.",vilifying_opponents,47,https://crta.plus/sr/updates/june-manipulations/
TV Informer,2026-06-20,"Lažni skandal sa 'zvučnim topom' unapred je isplaniran na plenumima, kao deo plana da se sruše predsednik i država i izazove građanski rat.",vilifying_opponents,47,https://crta.plus/sr/updates/june-manipulations/
TV Prva,2026-06-20,"Lažni skandal sa 'zvučnim topom' unapred je isplaniran na plenumima, kao deo plana da se sruše predsednik i država i izazove građanski rat.",vilifying_opponents,47,https://crta.plus/sr/updates/june-manipulations/
TV B92,2026-06-20,"Lažni skandal sa 'zvučnim topom' unapred je isplaniran na plenumima, kao deo plana da se sruše predsednik i država i izazove građanski rat.",vilifying_opponents,47,https://crta.plus/sr/updates/june-manipulations/
TV Pink,2026-06-20,"Lažni skandal sa 'zvučnim topom' unapred je isplaniran na plenumima, kao deo plana da se sruše predsednik i država i izazove građanski rat.",vilifying_opponents,47,https://crta.plus/sr/updates/june-manipulations/
TV B92,2026-06-20,Vučić u specijalnoj emisiji o aferi 'zvučni top': Žurilo im se da izazovu građanski rat. Izvršili su atentat na moj lik i hteli da unište Srbiju.,vilifying_opponents,48,https://crta.plus/sr/updates/june-manipulations/
Kurir,2026-06-20,Vučić u specijalnoj emisiji o aferi 'zvučni top': Žurilo im se da izazovu građanski rat. Izvršili su atentat na moj lik i hteli da unište Srbiju.,vilifying_opponents,48,https://crta.plus/sr/updates/june-manipulations/
Večernje Novosti,2026-06-20,Vučić u specijalnoj emisiji o aferi 'zvučni top': Žurilo im se da izazovu građanski rat. Izvršili su atentat na moj lik i hteli da unište Srbiju.,vilifying_opponents,48,https://crta.plus/sr/updates/june-manipulations/
Politika,2026-06-20,Vučić u specijalnoj emisiji o aferi 'zvučni top': Žurilo im se da izazovu građanski rat. Izvršili su atentat na moj lik i hteli da unište Srbiju.,vilifying_opponents,48,https://crta.plus/sr/updates/june-manipulations/
Alo!,2026-06-20,Vučić u specijalnoj emisiji o aferi 'zvučni top': Žurilo im se da izazovu građanski rat. Izvršili su atentat na moj lik i hteli da unište Srbiju.,vilifying_opponents,48,https://crta.plus/sr/updates/june-manipulations/
Srpski Telegraf,2026-06-20,Vučić u specijalnoj emisiji o aferi 'zvučni top': Žurilo im se da izazovu građanski rat. Izvršili su atentat na moj lik i hteli da unište Srbiju.,vilifying_opponents,48,https://crta.plus/sr/updates/june-manipulations/
TV Informer,2026-06-21,Vučić stavlja tačku na izmišljotine: Podneo bih ostavku da je zvučni top korišćen.,vilifying_opponents,49,https://crta.plus/sr/updates/june-manipulations/
TV Pink,2026-06-21,Vučić stavlja tačku na izmišljotine: Podneo bih ostavku da je zvučni top korišćen.,vilifying_opponents,49,https://crta.plus/sr/updates/june-manipulations/
Informer,2026-06-21,Vučić stavlja tačku na izmišljotine: Podneo bih ostavku da je zvučni top korišćen.,vilifying_opponents,49,https://crta.plus/sr/updates/june-manipulations/
Srpski Telegraf,2026-06-21,Vučić stavlja tačku na izmišljotine: Podneo bih ostavku da je zvučni top korišćen.,vilifying_opponents,49,https://crta.plus/sr/updates/june-manipulations/
Informer,2026-06-09,Aleksandar Vučić grmi: Osamnaest meseci pokušavaju da nam sruše državu! Ali neće uspeti.,vilifying_opponents,50,https://crta.plus/sr/updates/june-manipulations/
TV Informer,2026-06-10,Srušen mit blokadera o Vučićevoj izolaciji Srbije; diplomatska aktivnost demantuje kampanju blokadera.,vilifying_opponents,51,https://crta.plus/sr/updates/june-manipulations/
Alo!,2026-06-12,Propast ideje o jedinstvenoj listi - Blokaderi: Vučićeva pobeda sve izvesnija.,vilifying_opponents,52,https://crta.plus/sr/updates/june-manipulations/
Informer,2026-06-04,"Novi skandal koji je orkestrirala Podgorica. Crnogorci proteruju 87 Srba. Avion Er Srbije juče je bez objašnjenja vraćen za Beograd sa aerodroma u Tivtu, nakon što su putnici pretreseni do gole kože.",vilifying_neighbours,53,https://crta.plus/sr/updates/june-manipulations/
Večernje Novosti,2026-06-04,"Novi skandal koji je orkestrirala Podgorica. Crnogorci proteruju 87 Srba. Avion Er Srbije juče je bez objašnjenja vraćen za Beograd sa aerodroma u Tivtu, nakon što su putnici pretreseni do gole kože.",vilifying_neighbours,53,https://crta.plus/sr/updates/june-manipulations/
TV Informer,2026-06-04,Bezgranična drskost. Crnogorski parlament i mediji u koordinisanom napadu na Srbe.,vilifying_neighbours,54,https://crta.plus/sr/updates/june-manipulations/
Večernje Novosti,2026-06-02,Nova promocija 'Velike Albanije': 'Crni orao' nesmetano oštri kandže.,vilifying_neighbours,55,https://crta.plus/sr/updates/june-manipulations/
Politika,2026-06-04,Prištinski teror tokom izborne kampanje se nastavlja. Kurti i Rašić raspiruju izlive nasilja nad Srbima.,vilifying_neighbours,56,https://crta.plus/sr/updates/june-manipulations/
Blic,2026-06-30,Represija i progon Srba nakon hapšenja na Gazimestanu.,vilifying_neighbours,57,https://crta.plus/sr/updates/june-manipulations/
Večernje Novosti,2026-06-30,Represija i progon Srba nakon hapšenja na Gazimestanu.,vilifying_neighbours,57,https://crta.plus/sr/updates/june-manipulations/
Politika,2026-06-30,Represija i progon Srba nakon hapšenja na Gazimestanu.,vilifying_neighbours,57,https://crta.plus/sr/updates/june-manipulations/
TV Pink,2026-07-22,"Nastavljena kampanja dehumanizacije predsednika Vučića. Tužiteljka u penziji Paunović najavila obračun sa predsednikom, njegovom porodicom i neistomišljenicima.",vilifying_opponents,58,https://crta.plus/sr/updates/manipulacije-u-julu/
TV Prva,2026-07-22,"U brutalnu kampanju dehumanizacije predsednika Srbije Aleksandra Vučića i njegove porodice uključila se i tužiteljka u penziji Jasmina Paunović, koja se nalazi na listi kandidata za poslanika sa studentske liste.",vilifying_opponents,59,https://crta.plus/sr/updates/manipulacije-u-julu/
Kurir,2026-07-23,"Šok izjava kandidatinje tzv. Studentske liste, dno dna! Jasmina Paunović: prvo posle izbora biće zatvaranje granica. Učestvovala u teorijama zavere i lažima o Vučiću.",vilifying_opponents,60,https://crta.plus/sr/updates/manipulacije-u-julu/
TV B92,2026-07-23,"Blokaderka Jasmina Paunović u napadu na predsednika Vučića iskazala mržnju, ksenofobiju, rasizam i mizoginiju, poručuje predsednica parlamenta Brnabić.",vilifying_opponents,61,https://crta.plus/sr/updates/manipulacije-u-julu/
TV Prva,2026-07-23,"Blokaderka Jasmina Paunović u napadu na predsednika Vučića iskazala mržnju, ksenofobiju, rasizam i mizoginiju, poručuje predsednica parlamenta Brnabić.",vilifying_opponents,61,https://crta.plus/sr/updates/manipulacije-u-julu/
Politika,2026-07-04,Brnabićeva i ministri u diplomatskoj ofanzivi - Blokaderi lažu da EU ukida isplate Srbiji.,vilifying_opponents,62,https://crta.plus/sr/updates/manipulacije-u-julu/
Informer,2026-07-13,Blokaderi promovišu 'genocid' u Srebrenici.,vilifying_opponents,63,https://crta.plus/sr/updates/manipulacije-u-julu/
Informer,2026-07-24,"Nova strašna izmišljotina iz plenumaške kuhinje, blokaderi lažu da je član SNS uhapšen u Liberiji.",vilifying_opponents,64,https://crta.plus/sr/updates/manipulacije-u-julu/
Informer,2026-07-07,Prljavi politički savez u Podgorici. Spajić i Mandić sklopili pakt s Milom protiv Srba.,vilifying_neighbours,65,https://crta.plus/sr/updates/manipulacije-u-julu/
Kurir,2026-07-07,Sramna odluka Podgorice. Antisrpski. I posle Mila - Milojko i Mandić: nema mesta srpskog jezika u Ustavu Crne Gore.,vilifying_neighbours,66,https://crta.plus/sr/updates/manipulacije-u-julu/
Srpski Telegraf,2026-07-21,"I ovo smo dočekali, Srbe bi na vrbe usred Crne Gore.",vilifying_neighbours,67,https://crta.plus/sr/updates/manipulacije-u-julu/
Kurir,2026-07-24,"Hrvatski mediji priznali - ekonomija je sve gora, dok Vučićeva Srbija beleži istorijski rast zarada i potpunu stabilnost.",vilifying_neighbours,68,https://crta.plus/sr/updates/manipulacije-u-julu/
Alo!,2026-07-24,"U Zagrebu panika zbog ekonomskog kraha, dok Srbija raste Hrvatska se davi.",vilifying_neighbours,69,https://crta.plus/sr/updates/manipulacije-u-julu/
Večernje Novosti,2026-07-04,"Hrvat, izvestilac EP, ne miruje - Picula ponovo udara na Srbiju.",vilifying_neighbours,70,https://crta.plus/sr/updates/manipulacije-u-julu/
Večernje Novosti,2026-07-30,"Najava suludnih mera, Kurtijeva vlast preko vodiča krade naše svetinje.",vilifying_neighbours,71,https://crta.plus/sr/updates/manipulacije-u-julu/
Politika,2026-07-30,"Najava suludnih mera, Kurtijeva vlast preko vodiča krade naše svetinje.",vilifying_neighbours,71,https://crta.plus/sr/updates/manipulacije-u-julu/
Alo!,2026-07-30,"Najava suludnih mera, Kurtijeva vlast preko vodiča krade naše svetinje.",vilifying_neighbours,71,https://crta.plus/sr/updates/manipulacije-u-julu/
Kurir,2026-07-31,"Novi teror na KiM, Srbi, napolje! Naoružani Kurtijevi specijalci obezbeđivali rušenje srpske imovine na Gazivodama.",vilifying_neighbours,72,https://crta.plus/sr/updates/manipulacije-u-julu/
Večernje Novosti,2026-07-31,"Novi teror na KiM, Srbi, napolje! Naoružani Kurtijevi specijalci obezbeđivali rušenje srpske imovine na Gazivodama.",vilifying_neighbours,72,https://crta.plus/sr/updates/manipulacije-u-julu/
Srpski Telegraf,2026-07-16,"Predsednik svakog dana drži političke lekcije: Vučić potura glavu gde drugi ne bi nogu. Put od Pariza do glavnog grada Ukrajine, gde je na samitu ponovo bio, slikovito rečeno, sam protiv svih, ući će u anale.",personality_cult,73,https://crta.plus/sr/updates/manipulacije-u-julu/
Srpski Telegraf,2026-07-14,"Ogromna počast za Srbiju i predsednika - mastermajnd (geo)politike - Vučić na paradi u Parizu jedini koji nije iz EU ili NATO - u isto vreme Đilas napao Makrona, evo šta mu smeta: nabavka borbenih aviona rafal, koncesija za aerodrom 'Nikola Tesla', saradnja vezana za nuklearnu energiju.",personality_cult,74,https://crta.plus/sr/updates/manipulacije-u-julu/
Kurir,2026-07-27,"Predsednik o lažima blokadera, bes naroda. Vučić: ljudi su mogli sve da trpe, ali napade na porodicu - neće.",personality_cult,75,https://crta.plus/sr/updates/manipulacije-u-julu/
Alo!,2026-07-28,"Veličina praštanja: Vučić poslao moćnu poruku muškarcu koji mu je pretio ubistvom. Zaveden je strašnim lažima, pokušaću da mu pomognem.",personality_cult,76,https://crta.plus/sr/updates/manipulacije-u-julu/
